id,SFH,popUpWidnow,SSLfinal_State,Request_URL,URL_of_Anchor,web_traffic,URL_Length,age_of_domain,having_IP_Address,Result
1,1,-1,1,-1,-1,1,1,1,0,0
2,-1,-1,-1,-1,-1,0,1,1,1,1
3,1,-1,0,0,-1,0,-1,1,0,1
4,1,0,1,-1,-1,0,1,1,0,0
5,-1,-1,1,-1,0,0,-1,1,0,1
6,-1,-1,1,-1,-1,1,0,-1,0,1
7,1,-1,0,1,-1,0,0,1,0,-1
8,1,0,1,1,0,0,0,1,1,-1
9,-1,-1,0,-1,-1,-1,-1,1,0,0
10,-1,0,-1,-1,1,1,0,-1,0,1
11,-1,-1,0,-1,-1,1,-1,-1,0,1
12,1,0,1,1,1,-1,1,1,0,-1
13,1,-1,0,-1,1,0,1,1,0,1
14,1,0,1,0,-1,1,0,-1,0,-1
15,-1,-1,-1,1,-1,0,-1,1,0,1
16,0,0,-1,0,0,1,1,-1,1,1
17,-1,0,0,0,-1,1,-1,-1,0,1
18,1,1,1,-1,1,-1,1,1,0,-1
19,0,-1,-1,0,1,1,0,-1,0,1
20,1,-1,0,1,0,0,-1,1,0,1
21,0,-1,1,-1,-1,1,-1,1,0,1
22,1,0,-1,-1,1,1,-1,-1,0,-1
23,1,-1,0,-1,1,-1,0,1,0,-1
24,1,0,1,0,-1,0,0,1,0,-1
25,1,0,-1,0,-1,1,-1,-1,0,-1
26,-1,-1,0,-1,1,-1,0,1,0,-1
27,0,0,1,1,1,0,0,1,0,-1
28,1,0,-1,1,1,0,0,-1,0,-1
29,1,0,1,0,-1,-1,0,1,0,-1
30,-1,-1,0,0,1,1,-1,-1,0,1
31,1,1,0,-1,1,1,0,-1,0,-1
32,1,1,1,-1,-1,0,0,1,0,-1
33,1,0,1,-1,-1,-1,0,1,0,-1
34,1,0,-1,-1,-1,-1,1,1,0,-1
35,1,-1,1,-1,1,-1,-1,1,0,-1
36,1,1,-1,1,1,-1,1,1,0,-1
37,1,0,1,-1,1,-1,1,1,0,-1
38,0,0,1,0,0,1,-1,-1,0,1
39,-1,-1,-1,-1,-1,-1,0,1,0,1
40,1,0,0,-1,-1,0,0,-1,0,1
41,-1,0,0,-1,-1,1,0,-1,0,1
42,1,1,1,-1,1,-1,-1,1,0,-1
43,-1,0,1,0,-1,0,0,-1,0,-1
44,1,1,1,1,0,-1,0,1,0,-1
45,1,0,1,1,1,0,-1,1,1,-1
46,-1,-1,1,-1,-1,1,-1,-1,0,1
47,0,-1,-1,0,1,1,0,-1,0,1
48,-1,-1,1,0,-1,0,1,1,0,1
49,-1,-1,1,-1,-1,-1,1,1,0,0
50,1,1,-1,-1,1,-1,1,1,0,0
51,1,0,1,0,-1,-1,-1,1,0,-1
52,-1,-1,-1,-1,-1,1,1,-1,1,0
53,1,1,1,-1,1,-1,0,1,1,-1
54,-1,-1,1,-1,-1,0,-1,-1,0,1
55,1,-1,0,-1,-1,0,-1,1,0,1
56,1,0,1,1,1,-1,1,1,0,-1
57,1,-1,0,1,0,0,-1,1,0,1
58,1,-1,0,1,1,0,0,1,0,-1
59,1,1,1,-1,1,-1,1,1,1,-1
60,-1,-1,1,1,-1,1,0,-1,0,1
61,-1,-1,0,0,-1,1,0,-1,0,1
62,0,0,0,0,1,0,0,-1,0,1
63,1,1,1,1,1,1,0,1,1,-1
64,1,0,1,1,1,-1,1,1,0,-1
65,-1,-1,0,-1,-1,0,0,1,0,1
66,0,0,0,0,1,0,1,-1,1,1
67,-1,-1,0,1,-1,1,-1,1,0,1
68,-1,-1,1,-1,1,0,-1,-1,0,0
69,-1,-1,0,1,1,0,-1,-1,0,1
70,1,1,0,0,-1,0,0,1,0,-1
71,1,-1,1,-1,-1,0,-1,-1,0,1
72,1,1,1,1,1,-1,1,1,0,-1
73,1,0,1,0,-1,1,0,-1,0,-1
74,-1,0,1,-1,-1,-1,-1,1,0,1
75,-1,-1,1,0,1,1,0,-1,0,1
76,1,1,0,-1,1,0,-1,-1,0,-1
77,-1,0,-1,-1,-1,1,-1,-1,0,1
78,1,-1,1,1,1,0,0,1,0,-1
79,1,0,1,1,0,0,-1,1,1,-1
80,-1,0,-1,-1,-1,0,-1,1,0,1
81,1,1,1,-1,1,-1,0,1,0,-1
82,0,-1,-1,0,1,0,1,-1,0,1
83,-1,-1,1,1,-1,1,-1,-1,0,1
84,1,1,1,0,-1,1,1,-1,0,-1
85,1,1,1,1,1,0,-1,1,0,-1
86,-1,-1,-1,-1,-1,0,0,1,0,1
87,-1,-1,1,1,-1,1,-1,-1,0,-1
88,-1,-1,1,-1,1,0,-1,-1,0,0
89,1,0,1,-1,-1,-1,0,1,1,-1
90,-1,0,-1,0,-1,1,0,-1,0,1
91,1,0,1,0,-1,-1,1,1,0,-1
92,1,1,1,-1,-1,-1,0,1,0,-1
93,1,0,1,1,1,-1,1,1,0,-1
94,1,0,1,1,1,-1,0,1,0,-1
95,0,-1,-1,0,0,0,1,-1,1,1
96,-1,-1,0,1,1,-1,-1,1,0,1
97,1,0,1,-1,1,0,1,1,0,-1
98,1,1,1,1,1,0,1,1,0,-1
99,-1,-1,1,-1,-1,0,1,-1,0,0
100,0,0,1,0,1,-1,0,1,1,1
101,-1,-1,0,1,1,-1,1,1,0,1
102,1,1,1,1,1,1,0,-1,1,-1
103,1,0,-1,1,1,0,0,-1,0,-1
104,-1,0,-1,-1,-1,0,0,1,0,1
105,1,0,-1,1,1,-1,1,1,0,-1
106,-1,-1,-1,-1,-1,1,0,-1,0,1
107,1,-1,1,-1,-1,0,1,1,0,0
108,1,-1,0,1,0,-1,1,1,0,1
109,-1,0,-1,-1,-1,-1,-1,1,0,1
110,-1,-1,0,-1,-1,0,1,-1,1,1
111,-1,-1,1,-1,-1,1,1,1,0,0
112,1,0,1,1,0,0,1,1,0,-1
113,-1,-1,0,-1,-1,0,-1,1,0,1
114,-1,0,-1,-1,1,1,-1,-1,0,1
115,1,0,1,0,-1,1,-1,-1,0,-1
116,-1,0,-1,-1,-1,1,0,-1,0,1
117,1,0,1,-1,1,-1,1,1,0,-1
118,-1,0,0,-1,-1,0,0,-1,0,1
119,-1,0,1,-1,0,-1,-1,1,0,1
120,-1,-1,-1,1,-1,0,0,-1,0,1
121,1,-1,1,0,-1,-1,1,1,0,-1
122,-1,-1,-1,-1,-1,1,-1,-1,0,1
123,1,0,1,1,1,0,1,-1,0,-1
124,-1,-1,1,-1,0,1,0,-1,0,1
125,1,0,0,1,-1,0,-1,1,0,1
126,1,1,1,-1,1,-1,1,1,0,-1
127,1,-1,0,-1,-1,-1,1,1,0,1
128,1,-1,0,0,-1,-1,0,1,0,-1
129,1,0,1,-1,-1,0,1,1,1,0
130,-1,-1,1,1,1,0,1,1,1,1
131,0,-1,1,0,0,1,-1,-1,0,1
132,1,1,0,1,0,0,-1,-1,0,-1
133,1,-1,1,1,1,0,-1,1,0,-1
134,-1,0,0,-1,-1,1,-1,-1,0,-1
135,1,1,1,0,-1,0,0,1,0,-1
136,-1,1,1,0,0,-1,0,1,0,-1
137,1,0,-1,-1,1,0,-1,-1,0,-1
138,-1,-1,-1,-1,-1,1,1,-1,0,1
139,1,0,1,0,-1,-1,-1,1,0,-1
140,1,-1,1,0,-1,0,1,1,0,-1
141,1,0,1,1,1,-1,0,1,0,-1
142,-1,1,-1,0,0,1,-1,-1,0,-1
143,1,0,1,-1,-1,0,-1,-1,0,1
144,0,-1,0,-1,-1,1,-1,-1,0,1
145,1,0,1,-1,1,1,1,-1,0,-1
146,-1,-1,0,1,-1,0,0,1,0,1
147,1,0,1,-1,1,1,-1,-1,1,-1
148,-1,0,-1,0,-1,1,-1,-1,0,1
149,1,-1,1,1,1,-1,0,1,0,-1
150,-1,0,0,0,-1,-1,-1,1,0,0
151,-1,-1,1,-1,-1,0,-1,1,0,1
152,1,1,1,1,1,-1,-1,1,1,-1
153,0,-1,-1,0,1,1,-1,-1,0,1
154,1,-1,1,-1,-1,0,-1,-1,0,1
155,1,-1,0,-1,-1,-1,0,1,0,1
156,0,-1,-1,0,0,-1,0,1,0,1
157,-1,-1,0,1,1,-1,0,1,0,1
158,-1,0,0,1,1,1,-1,-1,0,1
159,-1,-1,0,-1,-1,1,0,-1,0,1
160,1,-1,0,-1,-1,1,-1,1,0,1
161,-1,0,1,-1,-1,-1,0,1,0,1
162,1,0,-1,0,-1,1,1,-1,0,-1
163,1,-1,1,-1,1,-1,0,1,0,-1
164,1,-1,0,1,1,0,-1,1,0,-1
165,1,-1,1,-1,1,-1,-1,1,1,-1
166,1,-1,1,1,1,0,-1,1,0,-1
167,1,0,1,-1,1,-1,-1,1,0,-1
168,1,-1,1,-1,1,-1,0,1,0,-1
169,1,-1,1,-1,0,1,-1,-1,0,0
170,-1,1,1,-1,1,1,1,-1,1,0
171,-1,-1,1,-1,1,1,0,-1,0,0
172,-1,0,-1,-1,1,1,0,-1,0,1
173,1,-1,0,1,0,-1,0,1,0,-1
174,-1,-1,1,-1,-1,-1,1,1,1,1
175,0,-1,-1,0,0,-1,0,1,0,1
176,1,0,1,0,-1,1,-1,-1,0,-1
177,1,-1,1,0,-1,-1,-1,1,0,-1
178,1,0,1,1,1,0,-1,1,0,-1
179,1,-1,0,1,1,-1,1,1,0,-1
180,0,0,-1,0,1,0,1,-1,1,1
181,1,1,1,-1,-1,-1,0,1,0,-1
182,0,-1,-1,0,0,1,0,-1,0,1
183,1,1,1,-1,-1,-1,-1,1,0,-1
184,1,0,1,-1,1,1,1,-1,1,-1
185,1,0,1,1,1,0,0,1,0,-1
186,1,-1,0,-1,-1,1,-1,-1,0,1
187,1,1,1,0,0,0,0,1,0,-1
188,-1,0,1,-1,1,1,1,-1,1,0
189,0,-1,1,0,0,0,1,1,1,1
190,1,0,0,1,1,0,-1,1,0,-1
191,1,-1,1,-1,1,1,-1,-1,0,-1
192,1,1,1,-1,1,0,0,-1,1,-1
193,1,-1,0,0,-1,1,-1,-1,0,1
194,1,1,1,-1,1,-1,1,1,0,-1
195,-1,-1,1,-1,0,1,1,-1,0,1
196,-1,-1,1,0,-1,1,-1,1,0,1
197,1,0,1,-1,1,0,0,1,0,-1
198,1,-1,0,0,-1,0,-1,-1,0,-1
199,1,0,1,-1,1,0,0,1,0,-1
200,1,1,-1,-1,1,1,-1,-1,0,-1
201,1,0,1,1,1,-1,0,1,1,-1
202,1,-1,0,-1,-1,0,-1,1,0,1
203,1,-1,1,-1,0,1,-1,1,0,0
204,1,0,1,1,1,1,1,-1,0,-1
205,1,-1,0,-1,-1,0,0,-1,0,1
206,1,-1,1,0,0,-1,0,1,0,-1
207,1,-1,0,1,0,1,0,1,0,1
208,1,0,1,-1,-1,0,1,1,0,0
209,-1,-1,1,0,-1,1,1,-1,1,1
210,1,0,1,0,0,0,0,1,0,-1
211,1,0,1,-1,-1,-1,0,1,0,-1
212,0,0,-1,0,1,-1,-1,1,0,1
213,1,1,1,1,1,-1,0,1,0,-1
214,0,0,1,0,1,-1,1,1,0,1
215,-1,0,0,-1,-1,0,0,-1,0,1
216,-1,0,1,0,0,0,0,1,1,-1
217,1,0,1,0,-1,-1,-1,1,0,-1
218,-1,0,-1,-1,-1,-1,1,1,0,1
219,0,-1,-1,0,1,-1,0,1,0,1
220,1,1,1,1,0,-1,0,1,0,-1
221,0,0,-1,0,1,0,-1,-1,0,1
222,-1,0,1,0,-1,-1,0,1,0,-1
223,1,1,1,0,-1,1,0,-1,0,-1
224,1,-1,1,-1,-1,0,0,1,0,-1
225,0,-1,1,-1,-1,1,-1,1,0,1
226,-1,-1,1,0,-1,0,1,1,1,1
227,1,1,1,-1,-1,-1,1,1,0,0
228,1,0,1,1,1,1,0,-1,0,-1
229,1,0,1,1,0,-1,1,1,0,-1
230,1,0,1,1,0,-1,0,1,0,-1
231,-1,-1,-1,-1,-1,1,0,-1,0,1
232,1,0,1,0,-1,1,0,-1,0,-1
233,1,-1,1,0,-1,1,-1,-1,1,-1
234,-1,-1,1,-1,-1,1,0,-1,0,-1
235,1,0,-1,0,0,1,0,-1,0,-1
236,-1,0,0,0,-1,-1,-1,1,0,0
237,1,-1,1,-1,1,-1,0,1,0,-1
238,-1,-1,0,-1,-1,-1,-1,1,0,0
239,0,0,1,0,1,0,1,-1,0,1
240,1,0,1,1,1,-1,-1,1,0,-1
241,1,0,1,0,-1,1,0,-1,0,-1
242,-1,-1,1,-1,-1,1,0,1,0,1
243,1,0,1,1,1,0,-1,1,0,-1
244,-1,-1,1,0,-1,1,-1,-1,0,1
245,1,0,1,1,1,1,0,-1,0,-1
246,1,0,1,1,1,0,0,1,0,-1
247,0,-1,-1,0,1,-1,-1,1,0,1
248,-1,-1,0,0,-1,1,-1,-1,0,1
249,1,-1,1,-1,-1,0,0,-1,0,1
250,1,0,-1,-1,-1,1,0,-1,0,1
251,1,-1,1,-1,1,-1,1,1,0,-1
252,1,0,0,1,1,1,1,-1,1,-1
253,1,-1,0,-1,1,1,0,-1,0,1
254,-1,0,0,-1,-1,-1,0,1,0,1
255,1,1,1,1,1,0,0,1,0,-1
256,-1,-1,1,-1,1,0,0,-1,0,0
257,1,0,1,0,-1,0,-1,1,0,-1
258,1,0,1,-1,1,1,-1,-1,0,-1
259,1,0,1,0,-1,1,1,-1,1,-1
260,-1,0,0,-1,-1,-1,-1,1,0,0
261,1,0,-1,-1,-1,1,0,-1,0,-1
262,1,0,0,-1,-1,0,0,-1,0,-1
263,1,1,1,-1,1,0,1,1,0,-1
264,1,1,1,1,1,1,0,-1,1,-1
265,0,0,-1,0,0,0,0,-1,0,1
266,1,0,1,1,0,0,1,1,0,-1
267,-1,0,0,0,-1,1,0,-1,0,1
268,1,-1,0,1,1,0,0,1,0,1
269,1,0,-1,1,0,1,-1,1,0,-1
270,-1,-1,-1,-1,-1,-1,-1,1,0,1
271,-1,-1,0,0,-1,1,-1,1,0,1
272,1,-1,0,1,1,-1,1,1,0,1
273,1,-1,0,-1,-1,-1,-1,1,1,1
274,-1,-1,0,-1,-1,0,-1,-1,0,1
275,-1,0,1,-1,-1,1,0,-1,0,1
276,-1,0,-1,-1,-1,0,0,-1,0,1
277,-1,0,-1,0,-1,-1,1,1,1,1
278,-1,-1,1,-1,0,1,0,-1,0,-1
279,1,1,1,-1,-1,1,0,-1,0,-1
280,1,0,-1,-1,1,-1,1,1,0,0
281,-1,-1,1,-1,-1,1,0,-1,0,1
282,1,-1,1,1,1,-1,0,1,0,-1
283,0,-1,-1,0,1,1,-1,-1,0,1
284,-1,-1,-1,0,-1,1,1,-1,0,1
285,1,0,1,0,-1,0,1,1,0,-1
286,1,0,1,0,-1,-1,1,1,0,-1
287,1,0,1,0,-1,0,0,1,0,-1
288,1,0,1,1,1,0,0,1,0,-1
289,-1,-1,1,0,0,1,-1,-1,0,-1
290,1,0,1,-1,1,1,1,-1,0,-1
291,-1,-1,1,-1,-1,0,-1,1,0,1
292,1,1,1,0,-1,-1,-1,1,0,-1
293,-1,0,1,-1,-1,0,0,1,0,1
294,1,1,1,0,-1,-1,0,1,0,-1
295,1,1,1,1,1,-1,1,1,0,-1
296,1,1,1,0,-1,-1,-1,1,1,-1
297,-1,-1,1,0,-1,0,-1,1,0,1
298,1,1,1,1,1,-1,1,1,1,-1
299,1,-1,1,0,-1,1,0,-1,0,-1
300,-1,0,1,-1,0,0,-1,1,0,-1
301,1,0,1,0,-1,-1,0,1,0,-1
302,1,0,0,1,1,-1,-1,1,0,-1
303,1,0,1,1,1,0,1,-1,0,-1
304,-1,0,1,0,-1,-1,1,1,0,-1
305,-1,-1,-1,-1,-1,1,-1,-1,0,1
306,1,-1,1,1,1,0,1,1,0,-1
307,1,0,0,1,1,1,0,-1,0,-1
308,-1,0,0,0,-1,0,0,-1,0,1
309,1,-1,0,1,0,1,0,1,0,-1
310,1,1,1,1,1,0,1,-1,1,-1
311,-1,0,-1,-1,-1,1,-1,-1,0,1
312,1,-1,0,-1,-1,0,1,1,0,1
313,0,-1,-1,0,0,1,0,-1,0,1
314,1,0,1,-1,1,0,1,1,0,-1
315,1,-1,1,1,0,0,1,1,0,-1
316,0,0,0,0,0,0,0,1,0,0
317,-1,0,-1,0,-1,-1,1,1,0,1
318,1,-1,1,-1,1,-1,1,1,0,-1
319,-1,1,1,0,0,0,1,1,1,-1
320,1,0,1,1,1,-1,0,1,0,-1
321,-1,-1,0,-1,-1,0,-1,-1,0,1
322,1,1,0,-1,-1,1,0,-1,0,-1
323,1,0,1,-1,1,-1,0,1,0,-1
324,1,0,1,-1,1,-1,1,1,0,-1
325,-1,-1,-1,0,-1,1,-1,-1,0,1
326,1,-1,0,-1,0,1,-1,1,0,-1
327,0,0,-1,0,1,1,-1,-1,0,1
328,1,1,1,-1,-1,-1,1,1,0,-1
329,-1,-1,-1,0,-1,-1,-1,1,0,1
330,1,-1,0,1,1,-1,1,1,0,-1
331,-1,-1,-1,-1,-1,0,-1,1,0,1
332,1,0,1,0,-1,1,0,-1,0,-1
333,1,0,1,0,-1,-1,0,1,0,-1
334,1,-1,-1,1,1,-1,1,1,0,-1
335,1,-1,1,-1,1,1,1,-1,0,-1
336,-1,0,0,-1,-1,-1,0,1,0,0
337,1,0,1,-1,1,0,1,-1,0,-1
338,1,0,1,-1,1,-1,0,1,0,-1
339,1,0,1,1,1,-1,-1,1,0,-1
340,0,-1,0,0,1,-1,0,1,0,1
341,-1,-1,1,-1,0,1,0,1,0,1
342,1,0,1,-1,-1,1,0,-1,0,-1
343,1,0,1,-1,-1,-1,0,1,0,-1
344,-1,0,0,-1,-1,1,0,-1,0,1
345,-1,0,-1,1,1,0,0,1,0,1
346,1,0,1,1,1,0,0,-1,0,-1
347,1,1,0,1,1,-1,0,1,0,-1
348,1,-1,1,0,-1,1,-1,1,0,1
349,1,0,1,-1,-1,1,0,-1,1,-1
350,1,1,0,0,-1,-1,1,1,1,-1
351,1,-1,1,1,1,1,-1,-1,0,-1
352,1,-1,1,1,1,0,0,1,0,-1
353,1,0,1,0,-1,-1,-1,1,1,-1
354,1,1,-1,-1,1,1,0,-1,0,-1
355,0,0,-1,0,1,1,0,-1,0,1
356,-1,0,-1,0,-1,-1,1,1,1,1
357,1,0,0,-1,-1,0,-1,-1,0,1
358,1,0,1,-1,-1,0,1,1,0,-1
359,1,0,1,-1,1,-1,1,1,0,-1
360,1,0,1,0,-1,1,-1,-1,1,-1
361,1,1,1,-1,-1,0,0,1,0,-1
362,1,0,1,1,1,0,1,1,0,-1
363,-1,-1,-1,-1,1,0,-1,1,0,1
364,-1,0,-1,1,-1,1,-1,-1,0,1
365,0,0,1,1,1,0,-1,1,0,-1
366,0,0,-1,0,1,1,0,-1,0,1
367,-1,0,-1,-1,-1,1,0,-1,0,1
368,1,-1,1,1,1,-1,-1,1,1,-1
369,1,-1,0,-1,1,0,0,1,0,-1
370,1,0,1,1,1,0,1,1,0,-1
371,1,0,1,1,1,-1,0,1,0,-1
372,1,-1,0,1,1,1,-1,-1,0,-1
373,1,0,1,0,-1,1,1,-1,0,-1
374,1,0,-1,-1,1,-1,1,1,0,0
375,1,0,1,-1,1,-1,1,1,0,-1
376,-1,-1,-1,-1,-1,-1,1,1,0,1
377,-1,0,1,0,0,0,0,1,0,-1
378,0,-1,0,0,0,-1,0,1,0,0
379,1,1,1,1,1,-1,1,1,0,-1
380,1,0,0,0,-1,0,-1,-1,0,-1
381,0,-1,1,0,0,1,1,1,0,1
382,1,0,1,-1,1,0,-1,1,0,-1
383,0,-1,1,0,1,1,-1,-1,0,1
384,1,0,1,0,-1,0,1,-1,0,-1
385,1,-1,0,-1,-1,-1,0,1,0,-1
386,1,-1,0,1,1,-1,1,1,0,1
387,0,0,0,0,0,0,0,1,0,0
388,1,0,1,0,-1,0,1,1,0,-1
389,1,1,1,0,0,-1,0,1,0,-1
390,1,0,1,1,1,-1,-1,1,0,-1
391,1,0,1,-1,1,0,0,-1,0,-1
392,-1,-1,1,-1,1,0,-1,1,0,0
393,0,-1,0,0,0,0,0,1,0,0
394,-1,-1,-1,-1,-1,1,-1,1,0,1
395,-1,-1,-1,-1,-1,0,-1,-1,0,1
396,1,0,1,-1,-1,-1,1,1,0,0
397,1,0,0,-1,1,1,0,-1,0,-1
398,-1,0,-1,-1,1,1,-1,-1,0,1
399,1,0,1,0,0,-1,0,1,0,-1
400,0,0,0,0,0,-1,-1,1,0,0
401,1,0,1,-1,1,-1,-1,1,1,-1
402,1,0,1,1,1,0,0,1,0,-1
403,1,-1,0,1,1,0,0,1,0,-1
404,1,-1,0,-1,-1,0,1,1,1,1
405,-1,-1,-1,-1,-1,1,0,1,0,1
406,1,1,1,1,0,1,0,-1,0,-1
407,-1,-1,0,1,1,0,0,1,0,-1
408,-1,0,-1,-1,-1,0,0,-1,0,1
409,1,0,1,1,1,1,-1,1,0,-1
410,-1,0,1,-1,-1,0,0,-1,0,1
411,-1,-1,0,-1,-1,-1,0,1,0,0
412,-1,0,1,0,-1,0,0,1,0,-1
413,1,1,0,1,1,-1,-1,1,0,-1
414,0,-1,-1,0,1,1,1,-1,1,1
415,1,1,1,1,1,-1,0,1,1,-1
416,1,-1,0,-1,1,0,0,1,0,-1
417,1,0,1,0,-1,0,1,1,0,-1
418,1,-1,1,-1,1,-1,-1,1,0,-1
419,-1,-1,1,-1,-1,0,-1,-1,0,1
420,1,-1,0,0,-1,1,1,-1,0,1
421,-1,0,1,0,-1,0,0,1,0,1
422,1,0,1,-1,1,1,1,-1,1,-1
423,0,-1,1,0,1,-1,1,1,1,1
424,1,0,1,0,0,0,0,-1,0,-1
425,1,0,1,-1,-1,1,1,-1,0,0
426,1,-1,1,1,1,-1,1,1,0,-1
427,-1,-1,0,-1,-1,0,-1,-1,0,1
428,0,-1,1,0,1,-1,1,1,0,1
429,1,-1,0,1,1,0,-1,-1,0,-1
430,1,0,1,0,0,0,0,1,1,-1
431,-1,0,0,-1,-1,1,0,-1,0,1
432,1,0,1,1,1,-1,-1,1,0,-1
433,1,0,1,1,0,0,0,1,0,-1
434,1,1,1,0,0,0,0,-1,0,-1
435,1,0,1,1,1,-1,-1,1,0,-1
436,1,0,1,0,-1,0,1,-1,0,-1
437,1,0,1,1,1,0,0,1,0,-1
438,1,-1,1,0,-1,-1,0,1,0,-1
439,1,-1,0,-1,-1,-1,0,1,0,1
440,1,0,1,1,1,-1,1,1,0,-1
441,1,1,1,-1,1,1,-1,-1,0,-1
442,1,0,1,1,1,-1,0,1,0,-1
443,1,1,1,0,-1,0,1,1,0,-1
444,1,0,1,0,-1,0,0,1,0,-1
445,-1,1,1,-1,1,-1,0,1,0,0
446,1,0,1,-1,1,-1,0,1,0,-1
447,-1,0,1,0,0,0,0,1,0,-1
448,1,0,0,1,1,0,-1,1,0,-1
449,1,-1,1,1,1,0,0,1,0,-1
450,1,0,-1,-1,1,-1,0,1,0,-1
451,1,1,1,-1,1,0,0,1,0,-1
452,1,1,1,-1,1,1,0,-1,0,-1
453,1,1,0,0,-1,0,-1,1,0,-1
454,-1,-1,1,-1,-1,1,-1,1,0,-1
455,1,-1,1,1,1,1,1,-1,0,-1
456,1,0,1,1,1,0,0,1,0,-1
457,-1,0,0,-1,-1,1,-1,-1,0,1
458,-1,0,-1,-1,-1,1,-1,1,0,1
459,-1,-1,0,-1,-1,1,-1,1,0,1
460,1,0,1,0,0,-1,0,1,0,-1
461,0,-1,0,-1,-1,0,-1,-1,0,1
462,-1,-1,1,1,1,1,-1,-1,0,1
463,1,0,1,-1,-1,1,1,-1,0,-1
464,0,-1,-1,0,0,1,1,-1,1,1
465,-1,-1,0,-1,-1,0,1,1,1,1
466,1,0,1,1,1,0,-1,-1,0,-1
467,-1,0,1,1,1,-1,0,1,1,-1
468,1,1,1,1,1,1,0,1,0,-1
469,0,-1,1,0,1,-1,0,1,0,1
470,1,0,1,1,1,0,0,1,0,-1
471,-1,0,-1,-1,-1,1,-1,-1,0,1
472,1,0,-1,1,1,0,1,-1,0,-1
473,1,0,1,1,0,-1,-1,1,0,-1
474,1,0,-1,1,1,1,0,-1,0,-1
475,-1,-1,0,-1,0,0,0,1,0,1
476,1,0,-1,1,-1,-1,1,1,0,-1
477,-1,0,-1,-1,-1,0,0,1,0,1
478,1,0,1,0,0,0,-1,1,0,-1
479,1,0,1,1,1,1,1,-1,0,-1
480,1,0,1,0,0,1,-1,-1,0,-1
481,1,0,1,1,0,1,0,-1,0,-1
482,-1,1,1,-1,1,-1,0,1,1,0
483,1,0,1,1,1,0,0,1,0,-1
484,1,-1,0,0,-1,1,-1,-1,0,-1
485,1,-1,0,-1,1,-1,1,1,0,-1
486,-1,0,0,-1,-1,-1,0,1,0,0
487,-1,-1,-1,-1,-1,-1,0,1,0,1
488,1,1,1,-1,1,1,1,-1,1,-1
489,0,0,-1,0,0,1,0,-1,0,1
490,1,1,1,-1,1,-1,0,1,0,-1
491,1,0,1,-1,1,-1,-1,1,1,-1
492,1,0,1,0,-1,0,-1,1,0,-1
493,1,0,1,1,0,-1,0,1,0,-1
494,0,-1,-1,0,1,1,-1,1,0,1
495,-1,-1,1,0,0,1,-1,-1,0,1
496,1,0,-1,-1,1,1,0,1,0,-1
497,0,0,0,0,1,0,-1,1,0,1
498,1,-1,1,-1,1,-1,0,1,0,-1
499,-1,-1,1,1,1,1,-1,-1,0,1
500,1,1,1,-1,-1,-1,0,1,1,-1
501,1,-1,0,-1,1,0,0,1,0,1
502,-1,0,-1,-1,-1,0,-1,1,0,1
503,1,0,1,0,0,1,1,-1,0,-1
504,0,0,1,0,1,0,-1,-1,0,1
505,-1,-1,1,-1,-1,-1,-1,1,1,1
506,1,-1,0,1,-1,1,-1,-1,0,1
507,-1,-1,1,-1,-1,1,1,1,0,0
508,0,-1,-1,0,0,1,0,-1,0,1
509,1,0,1,1,1,0,1,1,0,-1
510,1,1,-1,1,0,1,0,-1,0,-1
511,1,1,1,0,-1,0,1,1,0,-1
512,-1,-1,-1,-1,-1,-1,0,1,0,1
513,-1,0,1,-1,-1,-1,1,1,0,0
514,0,0,-1,0,1,-1,0,1,0,1
515,0,0,0,0,0,-1,1,1,1,0
516,0,-1,1,0,1,-1,0,1,0,1
517,0,-1,1,-1,-1,0,-1,-1,0,1
518,1,0,1,1,1,0,0,-1,0,-1
519,1,0,1,-1,1,-1,0,1,0,-1
520,1,1,-1,-1,-1,1,0,-1,0,-1
521,1,0,-1,-1,-1,1,0,1,0,-1
522,-1,0,-1,-1,-1,1,-1,-1,0,1
523,-1,0,-1,0,-1,0,0,1,0,1
524,1,0,1,-1,1,-1,1,1,0,-1
525,1,0,1,0,-1,-1,0,1,0,-1
526,-1,-1,0,0,-1,0,0,1,0,1
527,-1,0,0,-1,-1,0,-1,1,0,1
528,1,-1,0,1,1,1,-1,1,0,-1
529,1,0,1,1,1,0,1,1,0,-1
530,-1,0,-1,-1,-1,0,-1,1,0,1
531,-1,0,1,-1,-1,-1,0,1,1,1
532,-1,0,0,-1,-1,0,-1,1,0,1
533,0,0,-1,0,1,1,1,-1,0,1
534,-1,-1,0,-1,-1,1,1,-1,1,1
535,1,-1,0,1,1,-1,0,1,1,1
536,1,0,1,1,1,-1,1,1,0,-1
537,-1,0,-1,-1,-1,-1,-1,1,0,1
538,0,0,0,0,1,1,-1,-1,0,1
539,1,-1,0,-1,-1,0,0,1,0,1
540,-1,0,1,0,-1,1,1,-1,0,-1
541,-1,0,-1,0,-1,-1,0,1,0,1
542,1,0,1,0,-1,0,0,-1,0,-1
543,1,-1,0,0,-1,0,0,1,0,1
544,1,0,1,1,1,-1,-1,1,0,-1
545,1,0,1,-1,1,-1,0,1,0,-1
546,1,1,1,-1,1,0,1,1,0,-1
547,1,0,1,0,0,-1,1,1,1,-1
548,-1,0,1,-1,1,-1,1,1,0,1
549,-1,0,-1,0,-1,1,-1,-1,0,1
550,-1,0,1,0,0,0,0,-1,0,-1
551,0,0,-1,0,0,1,-1,1,0,1
552,1,0,1,0,0,1,1,-1,1,-1
553,1,0,1,-1,1,0,0,-1,0,-1
554,-1,-1,0,-1,-1,1,-1,-1,0,1
555,1,-1,1,0,0,1,0,-1,0,-1
556,1,1,1,-1,1,-1,0,1,1,-1
557,1,1,1,0,-1,-1,-1,1,0,-1
558,1,-1,0,-1,0,-1,-1,1,0,-1
559,0,0,1,0,1,0,-1,1,0,1
560,1,0,1,-1,1,1,0,1,0,-1
561,1,1,1,1,1,-1,0,1,1,-1
562,1,0,1,0,-1,0,1,1,0,-1
563,1,1,1,-1,-1,-1,0,1,0,-1
564,1,0,1,-1,-1,1,1,1,0,-1
565,1,-1,0,1,-1,-1,-1,1,0,-1
566,1,0,1,0,-1,0,1,-1,0,-1
567,1,0,1,0,-1,-1,0,1,0,-1
568,-1,-1,0,-1,-1,0,0,-1,0,1
569,1,0,1,1,1,1,0,-1,0,-1
570,-1,-1,-1,0,-1,-1,1,1,0,1
571,0,-1,-1,0,1,0,-1,-1,0,1
572,1,-1,1,-1,1,1,-1,1,0,-1
573,1,0,1,-1,1,-1,1,1,0,-1
574,1,-1,1,-1,1,1,0,1,0,-1
575,-1,-1,-1,-1,-1,0,0,-1,0,1
576,0,-1,0,0,1,-1,-1,1,0,1
577,-1,-1,1,1,-1,1,0,-1,0,-1
578,-1,-1,1,1,1,1,0,-1,0,1
579,1,1,1,1,1,0,-1,1,0,-1
580,1,-1,1,-1,1,-1,0,1,0,-1
581,1,-1,1,-1,1,0,0,1,0,-1
582,1,-1,0,0,-1,0,0,1,0,1
583,1,0,-1,-1,1,-1,0,1,0,-1
584,1,1,1,-1,1,-1,-1,1,0,-1
585,1,0,1,1,0,0,1,1,0,-1
586,1,-1,0,-1,1,0,-1,1,0,1
587,0,0,-1,0,0,0,-1,-1,0,1
588,1,0,-1,-1,-1,1,-1,-1,0,1
589,-1,0,0,-1,-1,0,0,-1,0,1
590,0,-1,-1,0,1,0,-1,-1,0,1
591,1,0,1,1,1,0,0,1,0,-1
592,-1,0,1,0,0,-1,1,1,0,-1
593,-1,0,-1,1,1,1,0,1,0,-1
594,1,1,1,1,1,-1,0,1,0,-1
595,-1,-1,1,-1,-1,0,-1,1,1,1
596,0,-1,0,0,1,1,0,1,0,1
597,-1,0,0,-1,-1,0,0,1,0,1
598,1,0,0,-1,1,-1,-1,1,1,-1
599,1,0,1,0,-1,0,0,-1,0,-1
600,1,-1,0,-1,-1,0,-1,1,0,-1
601,1,0,1,1,1,1,-1,1,0,-1
602,1,0,1,0,-1,-1,-1,1,0,-1
603,-1,-1,0,-1,-1,1,0,1,0,1
604,1,0,1,1,0,-1,0,1,0,-1
605,0,-1,0,0,1,0,0,1,0,1
606,1,1,1,-1,1,-1,-1,1,0,-1
607,-1,-1,0,0,-1,-1,-1,1,0,0
608,-1,-1,1,-1,-1,1,1,1,0,0
609,1,1,1,-1,1,-1,0,1,0,-1
610,1,1,1,1,1,1,1,-1,0,-1
611,1,-1,1,-1,1,1,1,-1,0,-1
612,1,0,1,1,1,-1,1,1,0,-1
613,0,0,-1,0,1,1,0,-1,0,1
614,1,-1,1,-1,-1,1,-1,-1,0,1
615,0,-1,-1,0,1,-1,0,1,0,1
616,1,0,1,-1,1,0,1,1,0,-1
617,-1,-1,-1,0,-1,1,-1,-1,0,1
618,1,-1,0,-1,1,1,0,1,0,-1
619,1,-1,1,1,1,-1,1,1,0,-1
620,1,0,0,1,1,-1,1,1,0,-1
621,1,1,1,-1,1,-1,0,1,1,-1
622,-1,-1,1,-1,1,1,1,1,0,0
623,1,0,1,0,-1,0,0,1,0,-1
624,1,0,1,1,1,0,-1,1,0,-1
625,1,0,1,-1,-1,-1,-1,1,1,-1
626,-1,-1,1,0,-1,1,-1,1,0,-1
627,1,0,1,-1,-1,1,-1,1,0,-1
628,1,1,1,-1,-1,-1,-1,1,0,-1
629,1,1,1,1,1,-1,1,1,0,-1
630,1,0,1,0,-1,-1,-1,1,0,-1
631,1,0,1,-1,-1,-1,1,1,0,0
632,-1,-1,-1,-1,-1,1,0,-1,0,1
633,-1,0,-1,-1,-1,1,0,-1,0,1
634,1,-1,1,-1,-1,1,1,-1,0,0
635,1,-1,1,1,1,-1,-1,1,0,-1
636,1,1,1,-1,1,-1,0,1,0,-1
637,1,-1,0,0,-1,0,1,-1,0,1
638,1,-1,0,-1,-1,0,-1,1,0,1
639,-1,-1,0,-1,-1,1,-1,-1,0,1
640,1,0,1,1,1,1,1,1,0,-1
641,1,0,1,-1,1,1,1,1,0,-1
642,1,0,1,-1,1,-1,0,1,0,-1
643,1,1,1,-1,1,-1,1,1,0,-1
644,1,0,1,1,1,-1,-1,1,0,-1
645,-1,-1,-1,-1,-1,0,-1,-1,0,1
646,1,0,1,-1,-1,-1,-1,1,0,-1
647,1,-1,1,-1,-1,0,0,1,0,-1
648,-1,-1,0,0,-1,0,-1,-1,0,1
649,1,-1,0,-1,1,0,-1,1,0,-1
650,1,1,0,1,1,-1,-1,1,0,-1
651,1,0,1,1,0,0,-1,-1,1,-1
652,1,0,-1,1,1,-1,1,1,0,-1
653,1,0,1,0,-1,0,-1,-1,0,-1
654,1,0,1,1,1,0,1,-1,0,-1
655,-1,-1,1,0,0,-1,0,1,0,-1
656,0,-1,0,0,0,1,-1,-1,0,0
657,-1,-1,-1,0,-1,-1,0,1,0,1
658,1,-1,0,-1,-1,-1,1,1,0,-1
659,1,1,-1,1,1,1,0,-1,0,-1
660,1,1,1,1,0,0,0,1,0,-1
661,-1,-1,0,1,1,-1,0,1,0,-1
662,-1,0,-1,-1,-1,1,0,1,0,1
663,1,0,1,-1,1,0,0,1,0,-1
664,1,0,1,-1,1,-1,1,1,1,-1
665,1,0,1,1,0,0,0,1,0,-1
666,1,0,1,-1,1,-1,-1,1,0,-1
667,1,0,1,-1,-1,0,0,1,0,-1
668,1,0,1,1,1,1,0,-1,0,-1
669,1,1,1,1,1,-1,-1,1,0,-1
670,-1,-1,1,-1,-1,0,0,1,0,1
671,1,-1,0,-1,1,-1,-1,1,0,-1
672,1,0,1,0,-1,0,1,1,0,-1
673,1,1,1,-1,-1,1,1,-1,1,0
674,1,0,1,1,1,1,1,1,1,-1
675,-1,-1,-1,-1,-1,0,0,1,0,1
676,1,0,1,-1,1,0,-1,1,0,-1
677,-1,-1,-1,-1,-1,1,-1,-1,0,1
678,1,0,1,-1,1,1,1,1,1,-1
679,-1,0,1,-1,-1,0,-1,-1,0,1
680,-1,-1,1,0,-1,0,0,1,0,1
681,-1,-1,0,-1,-1,-1,-1,1,0,1
682,1,-1,0,1,1,-1,-1,1,0,-1
683,1,1,1,1,1,-1,1,1,0,-1
684,1,1,1,1,0,-1,-1,1,1,-1
685,-1,0,0,-1,1,0,-1,1,0,1
686,-1,-1,1,-1,-1,-1,0,1,0,1
687,0,-1,0,0,1,-1,0,1,0,1
688,-1,-1,0,-1,-1,0,-1,1,0,1
689,1,-1,0,-1,0,0,-1,-1,0,1
690,1,0,0,1,-1,0,0,1,0,-1
691,-1,-1,0,0,-1,1,0,-1,0,1
692,-1,0,-1,-1,-1,1,0,-1,0,1
693,1,0,1,1,1,1,0,1,0,-1
694,1,1,1,0,0,-1,0,1,1,-1
695,-1,1,1,0,0,-1,1,1,0,-1
696,0,-1,-1,0,0,0,1,-1,1,1
697,1,0,-1,1,-1,0,0,-1,0,-1
698,0,-1,0,0,1,1,0,-1,0,1
699,1,0,1,-1,1,0,0,1,0,-1
700,1,0,1,-1,1,-1,-1,1,0,-1
701,1,0,1,0,-1,1,0,-1,0,-1
702,-1,-1,0,-1,-1,1,0,-1,0,1
703,-1,-1,-1,0,-1,1,1,-1,1,1
704,1,-1,1,-1,-1,1,-1,-1,0,1
705,1,0,1,0,-1,1,0,-1,1,-1
706,-1,0,0,0,-1,1,-1,1,0,1
707,1,-1,1,-1,1,0,1,1,0,-1
708,1,-1,1,-1,-1,1,-1,-1,0,1
709,-1,-1,1,-1,1,1,0,1,0,0
710,-1,-1,-1,-1,-1,0,0,-1,0,1
711,1,0,1,1,1,0,1,-1,0,-1
712,0,-1,-1,0,1,0,-1,1,0,1
713,-1,0,1,1,1,0,1,1,0,-1
714,0,0,-1,0,1,1,0,-1,0,1
715,0,0,1,0,1,-1,0,1,1,1
716,0,-1,0,0,1,-1,0,1,0,1
717,0,-1,0,0,0,0,0,1,0,0
718,-1,-1,1,-1,0,1,-1,-1,0,-1
719,-1,0,-1,-1,-1,1,0,-1,0,1
720,1,0,1,-1,-1,-1,1,1,0,0
721,1,0,1,1,0,1,0,-1,0,-1
722,-1,0,1,-1,-1,1,-1,-1,0,1
723,1,0,1,0,-1,-1,0,1,0,-1
724,-1,-1,0,-1,-1,1,0,-1,0,1
725,-1,-1,-1,-1,1,0,0,1,0,1
726,-1,-1,1,-1,-1,-1,0,1,0,1
727,0,0,-1,0,1,0,0,-1,0,1
728,-1,-1,-1,0,-1,-1,0,1,0,1
729,1,1,1,1,1,1,-1,-1,0,-1
730,-1,0,-1,-1,-1,1,0,-1,0,1
731,1,0,1,-1,-1,1,0,-1,0,-1
732,1,0,1,1,0,1,0,-1,1,-1
733,1,0,1,-1,1,1,0,-1,0,-1
734,-1,-1,0,-1,-1,-1,1,1,1,0
735,-1,-1,-1,-1,-1,0,0,-1,0,1
736,1,1,1,-1,1,0,0,-1,0,-1
737,1,0,1,-1,-1,-1,-1,1,0,-1
738,1,1,1,-1,1,0,-1,-1,0,-1
739,1,1,-1,1,1,-1,1,1,0,-1
740,-1,-1,0,-1,-1,-1,-1,1,0,1
741,1,1,1,0,-1,-1,0,1,0,-1
742,1,1,1,-1,1,0,-1,1,0,-1
743,0,-1,-1,0,1,1,0,-1,0,1
744,-1,-1,1,-1,-1,-1,-1,1,0,1
745,1,-1,1,1,1,0,-1,1,0,-1
746,1,-1,1,1,0,-1,0,1,0,-1
747,1,0,1,1,1,-1,0,1,0,-1
748,1,0,1,-1,1,1,0,-1,0,-1
749,1,1,1,-1,-1,-1,0,1,0,-1
750,0,-1,0,0,1,0,0,-1,0,1
751,1,0,1,1,1,1,-1,-1,0,-1
752,1,0,1,-1,-1,-1,0,1,0,-1
753,1,0,1,-1,1,-1,1,1,0,-1
754,0,-1,-1,0,0,1,1,-1,0,1
755,1,0,1,-1,1,1,-1,-1,1,-1
756,0,-1,-1,0,1,1,1,-1,0,1
757,-1,-1,0,-1,-1,1,-1,-1,0,1
758,-1,-1,1,-1,-1,1,0,1,0,1
759,1,-1,0,-1,-1,-1,0,1,0,-1
760,-1,-1,1,-1,-1,0,-1,-1,0,1
761,-1,-1,-1,-1,-1,0,0,1,0,1
762,-1,0,0,-1,-1,0,0,-1,0,1
763,-1,0,0,-1,-1,0,1,-1,1,1
764,1,1,1,-1,1,0,1,1,0,-1
765,1,0,1,-1,1,1,0,-1,0,-1
766,1,-1,0,1,1,-1,-1,1,0,1
767,0,-1,-1,0,1,1,0,-1,0,1
768,1,-1,1,1,1,0,-1,1,0,-1
769,-1,-1,0,-1,-1,-1,0,1,0,0
770,-1,1,0,0,-1,-1,1,1,1,-1
771,0,0,-1,0,1,1,0,1,0,1
772,1,-1,0,-1,-1,-1,-1,1,0,1
773,1,-1,1,-1,-1,1,1,-1,0,0
774,1,0,-1,1,1,0,0,-1,0,-1
775,1,0,0,1,-1,0,0,1,0,-1
776,-1,-1,1,0,-1,0,1,-1,1,1
777,-1,-1,0,-1,-1,0,0,1,0,1
778,0,-1,0,0,0,-1,0,1,0,0
779,1,0,1,0,-1,0,1,1,0,-1
780,-1,-1,0,-1,-1,0,0,1,0,1
781,-1,0,-1,1,-1,1,-1,-1,0,1
782,1,0,-1,0,-1,0,1,-1,1,-1
783,1,-1,1,1,0,1,1,-1,0,-1
784,1,-1,-1,1,1,1,0,-1,0,1
785,1,1,1,-1,-1,-1,0,1,0,-1
786,-1,-1,1,-1,0,1,0,-1,0,1
787,1,0,1,-1,-1,1,1,-1,1,0
788,1,1,1,1,1,0,1,1,0,-1
789,1,-1,0,-1,-1,1,-1,-1,0,1
790,-1,-1,0,-1,-1,1,0,-1,0,1
791,0,-1,1,0,1,1,-1,-1,0,1
792,1,-1,1,0,1,0,-1,-1,0,-1
793,1,0,1,1,1,0,0,-1,0,-1
794,-1,-1,-1,-1,-1,1,0,-1,0,1
795,-1,0,0,-1,-1,1,-1,-1,0,1
796,1,0,-1,1,1,1,-1,-1,0,-1
797,0,0,1,0,1,1,0,-1,0,1
798,1,0,1,1,1,-1,0,1,0,-1
799,-1,-1,1,-1,-1,-1,-1,1,0,1
800,1,0,1,0,-1,1,-1,-1,0,-1
801,1,0,-1,1,1,1,-1,-1,0,-1
802,-1,-1,-1,-1,-1,0,-1,1,0,1
803,1,1,1,-1,1,1,1,-1,0,-1
804,1,-1,0,-1,1,-1,0,1,0,-1
805,-1,-1,1,-1,1,1,0,1,0,1
806,0,0,-1,0,0,0,1,-1,1,1
807,1,-1,0,1,1,-1,0,1,0,-1
808,1,0,1,-1,-1,0,0,1,0,-1
809,1,-1,0,-1,-1,0,0,1,0,1
810,1,0,1,0,-1,-1,0,1,0,-1
811,-1,0,-1,-1,-1,-1,-1,1,0,1
812,-1,-1,0,-1,-1,0,0,1,0,1
813,-1,1,1,-1,1,-1,0,1,0,0
814,1,0,1,0,-1,0,-1,1,0,-1
815,1,-1,1,-1,1,-1,1,1,0,-1
816,1,-1,1,1,1,1,1,-1,0,1
817,1,0,1,-1,0,0,-1,1,0,0
818,1,0,-1,1,1,1,1,-1,1,-1
819,1,0,0,1,1,0,0,1,0,1
820,-1,-1,0,0,-1,0,1,-1,1,1
821,1,0,1,-1,-1,0,-1,1,0,-1
822,1,0,1,0,0,-1,0,1,1,-1
823,1,0,1,1,1,-1,-1,1,0,-1
824,-1,0,-1,-1,1,0,-1,-1,0,1
825,1,0,-1,-1,1,1,0,1,0,-1
826,1,-1,1,-1,-1,0,-1,-1,0,1
827,1,0,1,-1,-1,-1,-1,1,0,-1
828,1,-1,0,0,-1,1,-1,-1,0,1
829,1,0,1,1,1,1,-1,-1,0,-1
830,1,1,1,1,1,0,1,1,0,-1
831,1,0,1,0,-1,-1,-1,1,0,-1
832,0,-1,0,0,0,-1,0,1,0,0
833,1,-1,1,1,0,-1,-1,1,0,-1
834,-1,-1,0,-1,-1,0,0,1,0,1
835,1,-1,1,0,-1,0,1,1,0,-1
836,1,1,1,-1,1,-1,-1,1,0,-1
837,1,0,1,0,-1,0,-1,1,0,-1
838,-1,-1,0,1,1,0,-1,1,0,1
839,-1,0,-1,1,1,0,0,-1,0,1
840,1,1,1,0,-1,1,-1,-1,0,-1
841,-1,0,-1,-1,-1,0,0,-1,0,1
842,1,-1,-1,1,1,1,-1,-1,0,1
843,-1,-1,1,-1,-1,1,-1,1,0,1
844,1,0,1,-1,-1,0,1,-1,0,0
845,1,0,1,1,0,0,0,-1,0,-1
846,0,0,-1,0,1,1,0,-1,0,1
847,1,0,1,-1,-1,1,-1,-1,0,1
848,-1,-1,1,0,-1,0,0,-1,0,1
849,1,-1,1,0,-1,-1,1,1,0,-1
850,0,-1,-1,0,1,1,-1,-1,0,1
851,1,1,1,-1,-1,1,1,-1,0,0
852,1,0,1,-1,1,-1,1,1,0,-1
853,1,0,1,1,1,0,-1,1,0,-1
854,1,1,1,1,1,1,0,-1,0,-1
855,0,-1,0,0,1,-1,0,1,0,1
856,1,1,1,-1,-1,-1,1,1,0,0
857,1,-1,0,1,1,0,-1,1,0,1
858,1,0,1,1,1,0,0,-1,0,-1
859,-1,0,-1,-1,-1,0,-1,-1,0,1
860,-1,-1,-1,0,-1,1,-1,-1,0,1
861,-1,-1,-1,0,-1,0,0,1,0,1
862,-1,-1,1,0,-1,1,-1,-1,0,-1
863,-1,-1,-1,-1,-1,0,0,-1,0,1
864,1,-1,0,-1,-1,-1,-1,1,0,-1
865,1,0,1,1,1,-1,1,1,0,-1
866,-1,-1,1,-1,-1,1,-1,-1,0,1
867,-1,-1,-1,-1,-1,1,0,-1,0,1
868,1,0,0,1,1,0,0,1,0,-1
869,1,0,-1,-1,1,-1,1,1,0,0
870,1,0,-1,1,1,-1,0,1,0,-1
871,-1,-1,0,-1,-1,1,-1,-1,0,1
872,1,0,-1,1,1,1,-1,-1,0,1
873,-1,-1,-1,-1,-1,-1,0,1,0,1
874,-1,0,-1,0,-1,0,1,-1,0,-1
875,0,-1,-1,0,0,0,0,1,0,1
876,0,0,0,0,0,-1,0,1,0,0
877,-1,0,1,1,1,-1,0,1,1,-1
878,1,1,1,-1,1,1,1,-1,0,-1
879,1,-1,0,-1,-1,0,-1,-1,0,1
880,-1,-1,0,-1,-1,-1,1,1,0,0
881,-1,0,0,0,-1,0,0,1,0,1
882,0,0,0,0,0,1,0,-1,0,0
883,-1,0,0,-1,-1,1,-1,-1,0,1
884,1,0,0,1,1,-1,0,1,0,-1
885,1,0,1,-1,-1,0,1,1,0,0
886,1,0,1,1,1,1,1,1,0,-1
887,1,1,1,-1,1,1,1,-1,0,-1
888,-1,-1,-1,0,-1,1,1,-1,1,1
889,1,0,1,1,1,-1,0,1,0,-1
890,-1,-1,0,0,-1,1,-1,-1,0,1
891,-1,0,-1,-1,-1,1,-1,-1,0,1
892,1,0,1,-1,1,-1,0,1,1,-1
893,-1,-1,1,1,-1,1,-1,-1,0,1
894,-1,-1,0,-1,1,-1,1,1,0,-1
895,-1,0,-1,-1,-1,0,-1,1,0,1
896,0,0,0,0,1,1,0,1,0,1
897,1,0,1,1,1,0,-1,-1,0,-1
898,-1,0,-1,-1,-1,1,0,-1,0,1
899,1,1,1,-1,1,0,1,1,0,-1
900,1,1,1,1,0,0,1,1,0,-1
901,1,0,0,1,1,0,0,1,0,-1
902,-1,-1,1,-1,-1,-1,1,1,0,0
903,1,0,1,0,-1,0,1,1,0,-1
904,1,1,1,-1,1,-1,0,1,0,-1
905,1,0,1,0,0,0,1,1,1,-1
906,0,-1,-1,0,1,0,0,1,0,1
907,1,1,1,-1,1,0,1,-1,0,-1
908,1,-1,1,-1,-1,-1,1,1,0,0
909,1,0,0,1,1,1,-1,-1,0,-1
910,1,1,1,0,0,0,0,1,0,-1
911,1,0,1,-1,1,-1,1,1,0,-1
912,-1,-1,-1,0,-1,0,1,-1,0,1
913,1,0,1,-1,-1,-1,1,1,1,0
914,1,1,-1,-1,1,1,1,1,0,0
915,1,0,1,-1,1,0,-1,1,0,-1
916,-1,0,1,-1,0,-1,1,1,0,-1
917,-1,-1,0,-1,-1,0,-1,1,0,1
918,1,0,1,-1,1,0,1,-1,0,-1
919,-1,-1,1,-1,-1,0,0,1,0,1
920,-1,-1,-1,-1,1,1,0,-1,0,1
921,1,0,1,-1,-1,-1,0,1,0,-1
922,-1,-1,-1,-1,-1,-1,-1,1,0,1
923,1,1,1,-1,1,-1,0,1,0,-1
924,-1,-1,0,0,-1,1,-1,1,0,1
925,0,-1,1,0,1,0,-1,-1,0,1
926,-1,0,1,-1,1,1,1,-1,1,1
927,1,0,1,1,1,0,1,1,0,-1
928,1,1,1,-1,1,-1,1,1,0,-1
929,1,1,-1,1,1,0,1,1,0,-1
930,1,0,1,-1,1,0,1,1,0,-1
931,1,0,1,1,1,1,1,-1,0,-1
932,-1,-1,1,-1,-1,0,0,1,0,1
933,1,0,1,1,1,1,0,1,0,-1
934,0,0,-1,0,1,1,-1,-1,0,1
935,1,0,1,1,1,0,-1,-1,1,-1
936,1,0,-1,1,1,1,0,-1,0,-1
937,1,0,1,0,-1,0,1,-1,0,-1
938,1,0,1,-1,1,-1,0,1,0,-1
939,1,0,1,-1,-1,-1,1,1,0,0
940,1,0,0,1,1,-1,0,1,0,-1
941,-1,-1,1,-1,-1,-1,1,1,0,0
942,1,0,-1,-1,-1,1,-1,-1,0,1
943,1,-1,1,1,1,0,1,1,0,-1
944,-1,0,-1,-1,-1,0,0,-1,0,1
945,1,0,1,-1,1,-1,0,1,0,-1
946,0,-1,0,0,1,1,0,-1,0,1
947,0,0,-1,0,1,-1,-1,1,0,1
948,1,0,-1,1,1,1,0,-1,0,-1
949,1,0,1,1,1,1,1,-1,0,-1
950,1,0,1,-1,-1,0,0,1,1,-1
951,1,0,-1,1,1,1,0,-1,0,1
952,-1,-1,-1,-1,1,1,-1,-1,0,1
953,1,0,0,0,-1,1,0,-1,0,-1
954,1,0,1,0,0,1,1,-1,1,-1
955,-1,-1,-1,-1,-1,0,-1,1,0,1
956,0,0,-1,0,1,0,0,1,0,1
957,1,1,1,-1,-1,-1,1,1,1,0
958,-1,-1,0,0,-1,1,-1,-1,0,1
959,1,0,1,1,1,1,-1,-1,0,-1
960,1,0,0,0,-1,-1,0,1,0,-1
961,1,0,1,1,1,1,0,-1,0,-1
962,-1,1,0,0,-1,0,-1,1,0,-1
963,1,0,-1,-1,1,1,-1,-1,0,-1
964,1,0,1,-1,1,-1,-1,1,1,-1
965,1,1,1,-1,1,-1,-1,1,1,-1
966,-1,0,-1,-1,-1,-1,0,1,0,1
967,-1,-1,-1,-1,1,1,-1,-1,0,1
968,-1,0,1,-1,0,1,-1,1,0,1
969,1,1,1,1,1,0,0,1,0,-1
970,-1,1,1,0,-1,0,1,-1,0,-1
971,1,0,1,-1,1,0,-1,-1,0,-1
972,1,0,1,-1,1,0,0,1,1,-1
973,-1,0,1,-1,0,1,0,1,0,1
974,1,0,1,-1,1,-1,1,1,1,-1
975,-1,0,1,0,-1,-1,0,1,0,-1
976,-1,0,-1,0,-1,1,0,-1,0,1
977,0,-1,-1,0,1,-1,-1,1,0,1
978,1,1,1,0,-1,-1,1,1,0,-1
979,1,0,1,0,-1,0,0,1,0,-1
980,-1,-1,1,1,1,1,-1,-1,0,1
981,1,-1,1,1,1,-1,1,1,0,-1
982,1,0,-1,-1,-1,0,0,-1,0,-1
983,1,-1,0,-1,-1,1,-1,-1,0,1
984,1,1,1,-1,-1,-1,1,1,1,0
985,-1,1,1,0,0,-1,0,1,0,-1
986,-1,-1,0,-1,-1,1,-1,-1,0,1
987,0,0,0,0,0,-1,0,1,0,0
988,1,1,1,-1,1,0,1,1,0,-1
989,-1,0,-1,-1,-1,1,0,-1,0,1
990,1,0,1,-1,-1,-1,0,1,1,-1
991,-1,-1,1,1,1,1,1,-1,0,1
992,-1,-1,0,1,1,1,-1,-1,0,1
993,-1,0,-1,-1,1,-1,-1,1,0,1
994,-1,0,-1,0,-1,0,1,1,1,1
995,-1,-1,-1,-1,-1,1,-1,-1,0,1
996,1,0,1,-1,-1,1,1,-1,0,0
997,1,0,1,0,-1,-1,1,1,0,-1
998,-1,-1,0,0,1,1,0,-1,0,1
999,-1,1,-1,1,1,-1,0,1,0,-1
1000,1,1,0,0,-1,-1,-1,1,0,-1
1001,-1,-1,1,-1,-1,1,0,1,0,1
1002,0,0,-1,0,1,1,0,-1,0,1
1003,1,0,1,0,-1,-1,-1,1,1,-1
1004,0,-1,0,0,1,1,0,-1,0,1
1005,0,0,-1,0,1,0,0,1,0,1
1006,1,1,1,1,1,1,-1,-1,0,-1
1007,-1,-1,0,-1,0,1,-1,-1,0,1
1008,-1,0,-1,1,1,1,-1,-1,0,1
1009,1,0,1,-1,1,-1,0,1,1,-1
1010,1,0,0,1,-1,0,-1,1,0,1
1011,-1,0,1,0,0,1,0,1,0,-1
1012,-1,-1,0,0,-1,1,0,-1,0,1
1013,-1,-1,1,-1,1,1,1,-1,0,0
1014,0,-1,1,0,1,0,0,1,0,1
1015,1,-1,1,-1,1,-1,0,1,0,-1
1016,-1,-1,-1,-1,-1,0,0,-1,0,1
1017,1,0,1,-1,1,1,0,1,0,-1
1018,1,-1,0,1,1,-1,1,1,0,-1
1019,-1,-1,0,-1,0,1,-1,-1,0,1
1020,-1,0,1,-1,1,0,1,-1,1,1
1021,-1,-1,0,-1,-1,0,0,1,0,1
1022,1,0,-1,-1,1,0,1,1,0,-1
1023,-1,-1,-1,1,1,1,-1,-1,0,1
1024,-1,0,-1,1,1,1,1,-1,0,1
1025,1,-1,0,-1,-1,1,-1,-1,0,1
1026,-1,0,0,-1,-1,0,-1,1,0,1
1027,1,-1,0,-1,-1,0,1,-1,0,1
1028,1,0,1,1,1,1,0,-1,0,-1
1029,1,0,1,0,0,0,0,1,1,-1
1030,-1,0,1,0,-1,-1,0,1,0,-1
1031,-1,-1,-1,0,-1,1,0,-1,0,1
1032,1,1,1,0,-1,0,1,-1,0,-1
1033,1,-1,0,-1,-1,0,0,-1,0,1
1034,1,0,1,-1,1,-1,0,1,0,-1
1035,-1,-1,0,-1,-1,-1,0,1,0,0
1036,0,0,-1,0,1,1,0,-1,0,1
1037,0,-1,-1,0,1,0,0,-1,0,1
1038,1,0,1,-1,-1,1,1,-1,0,-1
1039,1,0,1,-1,1,-1,0,1,1,-1
1040,1,0,1,-1,1,0,-1,1,1,-1
1041,0,0,0,0,1,0,0,-1,0,1
1042,1,0,1,1,1,-1,-1,1,0,-1
1043,1,0,1,0,-1,0,1,1,0,-1
1044,-1,0,1,0,-1,0,-1,1,0,-1
1045,-1,0,-1,-1,-1,1,0,-1,0,1
1046,1,0,1,0,-1,0,0,1,0,-1
1047,-1,0,-1,-1,-1,-1,0,1,0,1
1048,1,1,-1,-1,-1,1,1,-1,0,-1
1049,1,0,1,1,1,-1,0,1,0,-1
1050,1,0,1,0,-1,1,1,-1,0,-1
1051,-1,-1,0,-1,-1,1,-1,-1,0,1
1052,1,1,1,-1,1,-1,0,1,0,-1
1053,1,0,1,0,-1,0,0,1,0,-1
1054,-1,-1,-1,0,-1,0,0,1,0,1
1055,-1,-1,0,-1,1,-1,0,1,0,1
1056,-1,0,1,0,0,-1,1,1,0,-1
1057,1,1,1,-1,1,0,-1,1,1,-1
1058,1,0,1,0,-1,1,-1,-1,0,-1
1059,1,1,1,0,0,1,-1,-1,0,-1
1060,1,1,1,1,1,-1,1,1,0,-1
1061,-1,-1,1,-1,-1,0,0,-1,0,1
1062,0,0,-1,0,1,-1,-1,1,0,1
1063,1,1,1,1,1,-1,0,1,1,-1
1064,-1,-1,1,-1,0,1,-1,-1,0,-1
1065,1,1,1,-1,-1,-1,1,1,0,0
1066,1,0,1,1,0,-1,1,1,0,-1
1067,-1,-1,-1,1,-1,1,1,-1,1,1
1068,-1,0,0,-1,-1,-1,0,1,0,1
1069,0,-1,-1,0,1,-1,1,1,0,1
1070,-1,1,1,0,0,1,0,-1,0,-1
1071,0,0,-1,0,1,1,0,-1,0,1
1072,-1,0,-1,-1,-1,0,1,-1,0,1
1073,-1,-1,1,-1,-1,0,0,-1,0,1
1074,1,0,1,-1,1,-1,0,1,0,-1
1075,1,1,1,0,0,-1,0,1,0,-1
1076,1,-1,1,-1,-1,0,-1,1,0,-1
1077,-1,-1,1,1,-1,1,-1,1,0,1
1078,-1,-1,1,-1,-1,1,-1,-1,0,1
1079,-1,0,1,0,0,-1,0,1,0,-1
1080,1,-1,0,-1,1,-1,1,1,0,1
1081,1,-1,1,1,1,0,1,1,0,-1
1082,1,0,1,0,-1,0,-1,1,0,-1
1083,1,-1,1,-1,1,-1,0,1,0,-1
1084,1,-1,0,0,1,-1,-1,1,0,1
1085,1,0,1,1,1,0,0,-1,0,-1
1086,-1,-1,-1,-1,-1,0,1,-1,0,1
1087,-1,-1,1,-1,0,0,-1,-1,0,1
1088,1,0,1,0,-1,0,0,1,0,-1
1089,0,-1,-1,0,0,-1,0,1,0,1
1090,1,0,1,-1,1,0,-1,-1,0,-1
1091,-1,0,-1,-1,-1,1,0,-1,0,1
1092,-1,0,-1,-1,1,0,-1,-1,0,1
1093,-1,0,-1,0,-1,1,-1,-1,0,1
1094,1,0,1,-1,1,0,1,-1,0,-1
1095,-1,-1,0,1,1,-1,1,1,0,1
1096,1,0,1,1,0,0,1,1,0,-1
1097,1,1,1,0,-1,0,-1,1,1,-1
1098,1,0,1,-1,-1,0,0,-1,0,-1
1099,1,1,1,0,0,1,1,-1,0,-1
1100,1,-1,0,-1,1,-1,0,1,0,1
1101,-1,-1,0,-1,-1,0,0,1,0,1
1102,-1,-1,-1,-1,-1,1,0,1,0,1
1103,-1,0,0,-1,-1,0,0,1,0,1
1104,1,-1,1,-1,1,0,-1,1,0,1
1105,1,0,0,1,-1,-1,0,1,0,-1
1106,1,-1,0,-1,-1,0,-1,1,0,1
1107,-1,-1,-1,-1,1,1,1,-1,0,1
1108,1,-1,0,1,-1,-1,0,1,0,-1
1109,-1,-1,0,0,-1,0,-1,1,0,1
1110,-1,0,1,0,0,-1,0,1,1,-1
1111,-1,-1,0,-1,-1,1,0,1,0,1
1112,1,0,1,0,-1,1,1,-1,0,-1
1113,1,0,1,1,0,1,1,-1,1,-1
1114,0,0,-1,0,1,0,0,1,0,1
1115,1,0,1,0,-1,1,0,-1,0,-1
1116,1,-1,1,-1,1,0,0,1,0,-1
1117,-1,0,0,0,-1,0,-1,1,0,1
1118,-1,-1,0,-1,-1,0,-1,-1,0,1
1119,-1,-1,-1,0,-1,-1,0,1,0,1
1120,1,-1,1,0,-1,-1,1,1,0,-1
1121,1,1,1,1,1,1,1,-1,0,-1
1122,1,1,-1,-1,1,-1,0,1,0,-1
1123,1,-1,1,0,1,0,-1,1,0,1
1124,-1,-1,0,0,-1,1,-1,-1,0,1
1125,1,0,1,-1,1,0,1,1,0,-1
1126,0,-1,-1,0,1,1,0,-1,0,1
1127,1,-1,1,-1,0,1,-1,-1,0,0
1128,0,-1,-1,0,1,-1,0,1,0,1
1129,1,1,-1,1,1,-1,0,1,0,-1
1130,-1,-1,1,0,1,1,1,-1,0,1
1131,1,0,1,0,-1,1,1,-1,0,-1
1132,-1,0,-1,-1,-1,0,0,-1,0,1
1133,0,-1,-1,0,1,0,0,1,0,1
1134,-1,0,0,-1,-1,-1,-1,1,0,0
1135,-1,-1,-1,-1,-1,0,-1,1,0,1
1136,1,0,-1,0,0,1,-1,-1,0,-1
1137,1,1,1,1,1,-1,1,1,1,-1
1138,-1,-1,-1,-1,-1,-1,-1,1,0,1
1139,1,0,1,1,1,0,0,1,0,-1
1140,-1,0,-1,0,-1,0,1,1,0,1
1141,-1,0,-1,1,1,-1,1,1,0,-1
1142,1,1,1,0,0,-1,1,1,1,-1
1143,-1,0,-1,-1,1,1,0,-1,0,1
1144,1,0,-1,-1,-1,1,0,-1,0,-1
1145,0,0,-1,0,0,1,-1,-1,0,1
1146,1,-1,0,0,-1,1,-1,1,0,1
1147,-1,-1,-1,-1,1,1,0,-1,0,1
1148,1,1,1,-1,-1,1,1,-1,0,-1
1149,0,-1,-1,0,0,0,0,1,0,1
1150,1,0,1,-1,1,0,-1,1,1,-1
1151,-1,-1,-1,0,-1,1,0,1,0,1
1152,0,-1,-1,0,0,0,0,-1,0,1
1153,-1,0,-1,-1,-1,0,0,1,0,1
1154,1,0,1,-1,1,-1,1,1,0,-1
1155,1,-1,-1,-1,1,1,-1,-1,0,-1
1156,1,0,1,0,-1,0,0,1,0,-1
1157,-1,-1,-1,0,-1,-1,0,1,0,1
1158,1,1,1,-1,1,1,1,-1,0,-1
1159,-1,-1,-1,-1,-1,1,0,-1,0,1
1160,-1,-1,-1,-1,-1,0,0,-1,0,1
1161,1,-1,1,1,1,-1,0,1,0,-1
1162,-1,0,0,0,-1,1,-1,-1,0,1
1163,1,-1,0,0,1,-1,0,1,0,-1
1164,1,1,-1,-1,1,1,1,-1,0,0
1165,1,0,1,-1,1,-1,1,1,0,-1
1166,1,1,1,0,0,-1,0,1,1,-1
1167,-1,-1,1,-1,-1,0,1,1,1,1
1168,1,0,1,0,-1,1,1,-1,0,-1
1169,1,1,0,0,-1,0,-1,1,0,-1
1170,1,0,1,1,0,-1,1,1,0,-1
1171,1,0,1,-1,1,0,0,1,0,-1
1172,-1,-1,1,-1,-1,1,-1,-1,0,1
1173,1,1,1,-1,-1,0,0,1,0,-1
1174,1,0,1,1,1,0,1,1,0,-1
1175,-1,0,0,-1,-1,-1,0,1,0,0
1176,1,-1,1,-1,-1,0,-1,1,0,1
1177,-1,-1,-1,0,-1,1,0,-1,0,1
1178,1,0,-1,-1,1,1,1,-1,0,0
1179,1,0,1,0,-1,0,0,1,0,-1
1180,1,0,-1,-1,1,0,1,1,0,0
1181,1,1,1,0,0,-1,0,1,0,-1
1182,1,-1,1,1,1,-1,1,1,0,-1
1183,-1,-1,0,-1,-1,0,0,-1,0,1
1184,-1,0,0,0,-1,1,-1,-1,0,1
1185,-1,0,-1,-1,-1,0,-1,-1,0,1
1186,-1,-1,1,-1,-1,-1,-1,1,0,1
1187,-1,-1,1,-1,1,1,0,1,0,0
1188,0,-1,-1,0,1,1,1,-1,1,1
1189,-1,-1,1,0,-1,-1,0,1,0,1
1190,-1,0,1,-1,0,0,-1,1,0,1
1191,1,-1,1,0,-1,1,1,-1,0,-1
1192,1,1,1,-1,-1,0,-1,1,0,-1
1193,-1,0,1,0,-1,0,1,1,1,1
1194,0,0,-1,0,1,0,1,-1,1,1
1195,0,0,-1,0,1,-1,0,1,0,1
1196,-1,-1,-1,-1,-1,0,0,1,0,1
1197,1,0,1,-1,-1,-1,1,1,0,0
1198,-1,0,-1,-1,-1,1,0,-1,0,1
1199,1,0,0,1,1,-1,-1,1,0,-1
1200,-1,-1,1,-1,-1,0,1,1,0,0
1201,-1,0,1,-1,-1,0,-1,-1,0,1
1202,-1,-1,-1,-1,-1,0,0,-1,0,1
1203,1,0,1,0,0,0,-1,1,0,-1
1204,-1,-1,-1,-1,-1,0,0,1,0,1
1205,1,-1,1,0,-1,-1,0,1,0,-1
1206,1,-1,1,-1,-1,1,-1,-1,0,1
1207,-1,-1,1,-1,1,1,0,-1,0,0
1208,-1,-1,-1,-1,-1,1,0,-1,0,1
1209,-1,-1,-1,0,-1,-1,1,1,1,1
1210,1,1,1,-1,-1,-1,0,1,0,-1
1211,1,0,1,1,0,-1,-1,1,1,-1
1212,-1,-1,1,-1,-1,0,-1,1,0,1
1213,1,1,1,0,-1,1,-1,-1,0,-1
1214,1,0,1,1,1,0,1,1,0,-1
1215,-1,-1,-1,0,-1,-1,1,1,1,1
1216,0,0,-1,0,0,-1,0,1,0,1
1217,1,0,1,-1,-1,0,0,1,0,-1
1218,1,0,1,0,-1,0,0,1,0,-1
1219,1,0,-1,0,-1,1,0,-1,0,-1
1220,1,-1,0,-1,-1,0,-1,-1,0,1
1221,-1,0,-1,0,-1,0,0,1,0,1
1222,-1,-1,1,-1,-1,-1,0,1,0,1
1223,-1,0,1,1,0,1,-1,-1,0,-1
1224,1,0,1,-1,-1,-1,0,1,0,-1
1225,1,0,1,0,0,-1,0,1,0,-1
1226,-1,-1,0,-1,-1,1,0,-1,0,1
1227,-1,-1,-1,-1,-1,0,1,-1,1,1
1228,1,0,1,-1,1,0,1,1,0,-1
1229,0,0,-1,0,1,0,-1,-1,0,1
1230,0,0,1,0,0,-1,1,1,1,1
1231,1,-1,1,-1,-1,1,1,-1,0,0
1232,-1,-1,1,-1,1,1,0,-1,0,0
1233,-1,-1,1,0,1,1,1,-1,0,1
1234,1,0,1,0,-1,-1,-1,1,1,-1
1235,1,0,1,0,-1,0,0,1,0,-1
1236,1,0,1,-1,1,0,1,-1,0,-1
1237,1,0,1,-1,1,-1,0,1,0,-1
1238,1,-1,1,-1,1,1,1,-1,0,-1
1239,0,-1,0,0,1,1,0,-1,0,1
1240,1,1,1,-1,1,-1,0,1,0,-1
1241,1,0,1,-1,1,-1,0,1,0,-1
1242,1,1,1,1,1,-1,-1,1,0,-1
1243,1,-1,0,0,-1,1,-1,-1,0,1
1244,-1,-1,1,-1,0,1,-1,-1,0,1
1245,-1,-1,1,0,-1,-1,1,1,1,1
1246,-1,-1,0,-1,-1,0,-1,1,0,-1
1247,1,0,1,0,-1,1,1,-1,0,-1
1248,-1,-1,1,-1,0,0,-1,1,0,1
1249,-1,0,1,-1,-1,0,-1,1,0,1
1250,-1,0,0,-1,-1,1,-1,-1,0,1
1251,1,-1,0,1,1,-1,-1,1,1,1
1252,1,-1,-1,-1,1,-1,1,1,0,0
1253,-1,-1,-1,0,-1,0,0,1,0,1
1254,1,0,1,1,1,0,0,-1,0,-1
1255,0,-1,0,0,1,0,0,1,0,1
1256,1,-1,0,1,1,0,1,1,0,1
1257,-1,-1,1,-1,-1,0,-1,-1,0,-1
1258,1,-1,0,0,0,-1,1,1,0,-1
1259,1,0,1,0,-1,-1,-1,1,1,-1
1260,1,0,1,1,0,-1,-1,1,1,-1
1261,-1,-1,-1,-1,-1,0,1,1,0,1
1262,-1,1,1,1,1,-1,0,1,1,-1
1263,1,0,0,1,1,1,0,-1,0,-1
1264,1,0,1,-1,-1,-1,1,1,0,-1
1265,1,1,1,1,0,1,1,-1,0,-1
1266,-1,-1,1,-1,1,1,-1,-1,0,0
1267,1,0,1,0,-1,-1,0,1,0,-1
1268,1,0,1,1,1,0,0,-1,0,-1
1269,1,1,1,-1,1,0,-1,1,0,-1
1270,1,0,1,0,-1,-1,1,1,0,-1
1271,-1,-1,-1,-1,-1,0,-1,1,0,1
1272,1,1,1,1,1,-1,0,1,0,-1
1273,1,0,1,1,0,-1,0,1,0,-1
1274,1,0,1,1,1,-1,0,1,0,-1
1275,-1,0,-1,-1,-1,0,-1,-1,0,1
1276,0,0,-1,0,1,1,1,-1,0,1
1277,1,0,1,-1,1,1,0,-1,0,-1
1278,1,-1,0,1,0,0,-1,-1,0,-1
1279,-1,0,1,0,-1,0,0,1,0,-1
1280,-1,-1,1,-1,-1,0,0,1,0,1
1281,1,0,1,-1,1,-1,1,1,1,-1
1282,1,-1,0,1,1,-1,-1,1,1,-1
1283,1,0,1,1,1,-1,0,1,1,-1
1284,1,0,1,0,-1,0,0,-1,0,-1
1285,-1,-1,1,0,-1,0,0,1,0,1
1286,-1,-1,0,-1,-1,0,-1,-1,0,1
1287,1,1,1,-1,-1,0,0,1,1,-1
1288,-1,0,-1,-1,-1,1,1,-1,1,1
1289,1,0,-1,1,1,0,1,1,0,-1
1290,1,0,1,-1,1,-1,0,1,0,-1
1291,-1,-1,0,0,-1,-1,-1,1,0,0
1292,1,1,1,-1,-1,1,1,-1,0,0
1293,1,0,1,1,1,-1,-1,1,0,-1
1294,0,-1,0,0,0,0,-1,1,0,0
1295,-1,-1,-1,0,-1,0,1,1,0,1
1296,-1,-1,1,0,-1,0,1,1,0,1
1297,1,0,-1,1,1,1,1,-1,0,-1
1298,1,0,1,-1,1,0,1,-1,0,-1
1299,0,-1,-1,0,1,-1,-1,1,0,1
1300,1,0,1,-1,1,-1,-1,1,0,-1
1301,1,0,1,-1,-1,0,1,1,0,0
1302,1,1,1,-1,1,-1,0,1,0,-1
1303,1,0,1,-1,-1,-1,1,1,1,0
1304,-1,-1,1,-1,-1,-1,1,1,0,0
1305,-1,-1,-1,0,1,0,1,1,1,1
1306,1,0,1,-1,1,-1,1,1,0,-1
1307,-1,0,-1,-1,1,1,-1,-1,0,1
1308,0,-1,0,0,1,1,1,-1,1,1
1309,1,1,-1,1,1,0,0,1,0,-1
1310,1,-1,0,1,1,-1,1,1,0,1
1311,1,0,1,0,-1,-1,1,1,0,-1
1312,1,1,-1,1,1,1,-1,-1,0,-1
1313,1,0,-1,-1,-1,1,1,1,0,-1
1314,-1,0,1,1,1,-1,1,1,0,-1
1315,1,0,0,0,-1,-1,-1,1,0,-1
1316,1,-1,0,-1,-1,-1,-1,1,0,1
1317,-1,-1,0,-1,-1,1,0,-1,0,1
1318,1,0,1,0,-1,-1,1,1,0,-1
1319,1,0,1,-1,1,0,0,1,1,-1
1320,-1,-1,-1,0,-1,0,0,1,0,1
1321,-1,-1,0,-1,-1,1,0,-1,0,1
1322,1,1,1,-1,1,-1,-1,1,0,-1
1323,-1,-1,1,-1,-1,1,-1,-1,0,1
1324,0,-1,-1,0,1,0,0,1,0,1
1325,1,0,-1,1,1,-1,0,1,0,-1
1326,1,0,1,1,1,1,1,-1,0,-1
1327,-1,0,0,0,-1,-1,-1,1,0,0
1328,1,-1,0,-1,-1,1,0,-1,0,1
1329,-1,0,1,-1,-1,1,-1,-1,0,1
1330,0,-1,1,0,0,-1,-1,1,0,1
1331,1,1,-1,1,1,-1,1,1,0,-1
1332,1,-1,1,1,1,1,1,-1,0,-1
1333,1,0,1,-1,1,0,1,1,1,-1
1334,0,0,-1,0,0,1,1,-1,0,1
1335,1,0,-1,0,-1,1,0,-1,0,-1
1336,0,-1,1,0,1,1,-1,-1,0,1
1337,-1,-1,0,-1,-1,0,0,-1,0,1
1338,-1,0,1,0,-1,1,-1,-1,0,1
1339,0,0,-1,0,0,1,0,-1,0,1
1340,1,0,1,0,-1,0,1,1,0,-1
1341,-1,0,-1,-1,1,1,-1,1,0,1
1342,1,0,1,0,-1,0,0,1,0,-1
1343,-1,0,1,-1,-1,1,0,1,0,-1
1344,1,1,-1,1,1,1,1,-1,0,-1
1345,0,0,0,0,1,0,0,-1,0,1
1346,-1,0,1,-1,1,0,-1,1,0,0
1347,1,1,0,0,-1,-1,-1,1,0,-1
1348,1,0,1,1,1,-1,0,1,0,-1
1349,-1,-1,-1,-1,-1,-1,0,1,0,1
1350,-1,0,1,0,-1,0,0,1,0,-1
1351,-1,0,-1,-1,-1,0,-1,-1,0,1
1352,0,0,1,0,0,0,-1,1,0,1
1353,1,0,1,1,1,0,-1,-1,0,-1